uid,name,pid
11152338,deadyandere,6845080840570014981
11152338,deadyandere,6846529280382356741
11152338,deadyandere,6846525757162900741
11152338,deadyandere,6846948515986377989
11152338,deadyandere,6847343997606710533
11152338,deadyandere,6847553864678395142
11152338,deadyandere,6847630646098005254
11152338,deadyandere,6847662166770748678
11152338,deadyandere,6847948726493826310
11152338,deadyandere,6848041228232051974
11152338,deadyandere,6848419440124513542
11152338,deadyandere,6848414664347454725
11152338,deadyandere,6849146720006229254
11152338,deadyandere,6849178508095163654
11152338,deadyandere,6849186469651680518
11152338,deadyandere,6849194188161010949
11152338,deadyandere,6849453723056459013
11152338,deadyandere,6849504845808946438
11152338,deadyandere,6849776547054832901
11152338,deadyandere,6849889302726331653
11152338,deadyandere,6850141743837629701
11152338,deadyandere,6850622270017113350
11152338,deadyandere,6850693930627927301
11152338,deadyandere,6850948411303152902
11152338,deadyandere,6851088943509720326
11152338,deadyandere,6851771845885037830
11152338,deadyandere,6852078489709989125
11152338,deadyandere,6852821777295396102
11152338,deadyandere,6853185257483619590
11152338,deadyandere,6800882505655274758
16663927,comely_cos,6531900922497340431
55519416678875136,zeroinspiration,6782554324011683078
55519416678875136,zeroinspiration,6709519673718738182
62128989611237376,moonlight.sugar.babe|moonlight.tay,6840923010128465157
62128989611237376,moonlight.sugar.babe|moonlight.tay,6800546774609038597
62128989611237376,moonlight.sugar.babe|moonlight.tay,6797463550060219653
62128989611237376,moonlight.sugar.babe|moonlight.tay,6794133237531741445
62128989611237376,moonlight.sugar.babe|moonlight.tay,6793452710554324229
62128989611237376,moonlight.sugar.babe|moonlight.tay,6792072055589260550
62128989611237376,moonlight.sugar.babe|moonlight.tay,6791665498481347845
62128989611237376,moonlight.sugar.babe|moonlight.tay,6791279360147016965
62128989611237376,moonlight.sugar.babe|moonlight.tay,6790814022728944902
62128989611237376,moonlight.sugar.babe|moonlight.tay,6790556808911129861
62128989611237376,moonlight.sugar.babe|moonlight.tay,6790554468934028549
62128989611237376,moonlight.sugar.babe|moonlight.tay,6790550173484420358
62128989611237376,moonlight.sugar.babe|moonlight.tay,6790506029227511046
62128989611237376,moonlight.sugar.babe|moonlight.tay,6790215537986129158
62128989611237376,moonlight.sugar.babe|moonlight.tay,6789445286432410885
62128989611237376,moonlight.sugar.babe|moonlight.tay,6788322159304494341
62128989611237376,moonlight.sugar.babe|moonlight.tay,6788310112550391045
62128989611237376,moonlight.sugar.babe|moonlight.tay,6788275675137723653
62128989611237376,moonlight.sugar.babe|moonlight.tay,6787937539203337477
62128989611237376,moonlight.sugar.babe|moonlight.tay,6787930439366561030
62128989611237376,moonlight.sugar.babe|moonlight.tay,6786505471684594949
62128989611237376,moonlight.sugar.babe|moonlight.tay,6785280071180487941
62128989611237376,moonlight.sugar.babe|moonlight.tay,6784858017134382342
62128989611237376,moonlight.sugar.babe|moonlight.tay,6782776829087436038
62128989611237376,moonlight.sugar.babe|moonlight.tay,6782774973845998853
62128989611237376,moonlight.sugar.babe|moonlight.tay,6782339223321169157
62128989611237376,moonlight.sugar.babe|moonlight.tay,6781946335575756037
62128989611237376,moonlight.sugar.babe|moonlight.tay,6781653114090016005
62128989611237376,moonlight.sugar.babe|moonlight.tay,6781120584223886597
62128989611237376,moonlight.sugar.babe|moonlight.tay,6780916252593491205
62128989611237376,moonlight.sugar.babe|moonlight.tay,6780895724793089285
62128989611237376,moonlight.sugar.babe|moonlight.tay,6780894479776877830
62128989611237376,moonlight.sugar.babe|moonlight.tay,6780594461652094213
62128989611237376,moonlight.sugar.babe|moonlight.tay,6779484930503085317
62128989611237376,moonlight.sugar.babe|moonlight.tay,6779470564487728390
62128989611237376,moonlight.sugar.babe|moonlight.tay,6779083089101589765
62128989611237376,moonlight.sugar.babe|moonlight.tay,6778716108984765701
62128989611237376,moonlight.sugar.babe|moonlight.tay,6778289353845132550
62128989611237376,moonlight.sugar.babe|moonlight.tay,6778244226267303174
62128989611237376,moonlight.sugar.babe|moonlight.tay,6778008015288159494
62128989611237376,moonlight.sugar.babe|moonlight.tay,6777913896419233029
62128989611237376,moonlight.sugar.babe|moonlight.tay,6776443932587855109
62128989611237376,moonlight.sugar.babe|moonlight.tay,6776424037955472646
62128989611237376,moonlight.sugar.babe|moonlight.tay,6776388550289018117
62128989611237376,moonlight.sugar.babe|moonlight.tay,6776318667543137542
62128989611237376,moonlight.sugar.babe|moonlight.tay,6775753213535685893
62128989611237376,moonlight.sugar.babe|moonlight.tay,6775279887818231045
62128989611237376,moonlight.sugar.babe|moonlight.tay,6774937921649642757
62128989611237376,moonlight.sugar.babe|moonlight.tay,6774934931404590342
62128989611237376,moonlight.sugar.babe|moonlight.tay,6753352838438554886
62128989611237376,moonlight.sugar.babe|moonlight.tay,6736989215747296517
62128989611237376,moonlight.sugar.babe|moonlight.tay,6719288357618224390
62128989611237376,moonlight.sugar.babe|moonlight.tay,6712604546452950278
62128989611237376,moonlight.sugar.babe|moonlight.tay,6690325650269539589
62128989611237376,moonlight.sugar.babe|moonlight.tay,6851382134377155845
63507266145886208,irl._.tsumiki,6846498371063090438
63507266145886208,irl._.tsumiki,6847532465058336005
63507266145886208,irl._.tsumiki,6849540972343266566
68269509505138688,prince.pastel,6532156771249689600
68269509505138688,prince.pastel,6531544222414148608
68269509505138688,prince.pastel,6531343593066468367
69719106978988032,astrouxx,6847262220028529925
69719106978988032,astrouxx,6849890313834630405
94970440971931648,sweeetpsychoo,230098300518199296
103512607583571968,cale.cos,6847526752806374661
103512607583571968,cale.cos,6847543897443372293
103512607583571968,cale.cos,6847661304660905222
103512607583571968,cale.cos,6848841100245929222
103512607583571968,cale.cos,6848883049996782853
103512607583571968,cale.cos,6849961762565983493
107790630084341760,piericast,6846151144968932614
107790630084341760,piericast,6844342777258544389
107790630084341760,piericast,6837648480551439621
107790630084341760,piericast,6832065656624598277
107790630084341760,piericast,6824626301526199557
107790630084341760,piericast,6822451257056185606
107790630084341760,piericast,6822438548315327750
122821760470716416,ohdomy,6674168405949418757
122821760470716416,ohdomy,6655356133538008326
122821760470716416,ohdomy,6637536755320900870
122821760470716416,ohdomy,6637178371941862662
122821760470716416,ohdomy,6637084526537346310
122821760470716416,ohdomy,6637080599716695301
122821760470716416,ohdomy,6637030477142166790
133917036170125312,sewinsisters.g,6552978803264607232
133917036170125312,sewinsisters.g,6532222101170951168
133917036170125312,sewinsisters.g,6531897319292408832
133917036170125312,sewinsisters.g,6531896895101473792
135244681214373888,idiotfroggirl,6839538178626505989
136406641163374592,vomitboyx,6834211446713339141
136406641163374592,vomitboyx,6823086528999476485
136406641163374592,vomitboyx,6819016426423127302
136406641163374592,vomitboyx,6795658652687568134
136406641163374592,vomitboyx,6794177878557723909
136406641163374592,vomitboyx,6791939708378303750
136406641163374592,vomitboyx,6787499320389291270
136406641163374592,vomitboyx,6786014434201505030
136406641163374592,vomitboyx,6786009902310640901
136406641163374592,vomitboyx,6786009299890998533
136406641163374592,vomitboyx,6783383755454156037
136406641163374592,vomitboyx,6782675975219039493
136406641163374592,vomitboyx,6782672971019390214
136406641163374592,vomitboyx,6782300617747533061
136406641163374592,vomitboyx,6781612869772528902
136406641163374592,vomitboyx,6781561143522643206
136406641163374592,vomitboyx,6776365970387733765
136406641163374592,vomitboyx,6775200485537352965
136406641163374592,vomitboyx,6774878558646111493
136406641163374592,vomitboyx,6774874377788886278
136406641163374592,vomitboyx,6774534930597711110
136406641163374592,vomitboyx,6774531411320884486
136406641163374592,vomitboyx,6774119848671841542
136406641163374592,vomitboyx,6773754742616116485
136406641163374592,vomitboyx,6772323577984322821
136406641163374592,vomitboyx,6771885513667300614
136406641163374592,vomitboyx,6771882672961703174
136406641163374592,vomitboyx,6771607933148040454
136406641163374592,vomitboyx,6769345797470375173
136406641163374592,vomitboyx,6769044911120485637
136406641163374592,vomitboyx,6767466599843728646
136406641163374592,vomitboyx,6766746137543183622
136406641163374592,vomitboyx,6765637660540275973
136406641163374592,vomitboyx,6765542846763224326
136406641163374592,vomitboyx,6765249538362969350
136406641163374592,vomitboyx,6763423801502928133
136406641163374592,vomitboyx,6762180145374678278
136406641163374592,vomitboyx,6761930952613629190
136406641163374592,vomitboyx,6760463633123249414
136406641163374592,vomitboyx,6760462432235244806
136406641163374592,vomitboyx,6759578007070838022
136406641163374592,vomitboyx,6754155012299050246
136406641163374592,vomitboyx,6753266539757096198
136406641163374592,vomitboyx,6751905101763448069
136406641163374592,vomitboyx,6749328439477570821
136406641163374592,vomitboyx,6741957260714560774
136406641163374592,vomitboyx,6741741961696283909
136406641163374592,vomitboyx,6739548041080032517
136406641163374592,vomitboyx,6739253724587248902
136406641163374592,vomitboyx,6739253017008246021
136406641163374592,vomitboyx,6739250618461916421
136406641163374592,vomitboyx,6738892663082208517
136406641163374592,vomitboyx,6738890449571810565
136406641163374592,vomitboyx,6738888194777009414
136406641163374592,vomitboyx,6738882574124453126
136406641163374592,vomitboyx,6738245947119127813
136406641163374592,vomitboyx,6738241990468603142
136406641163374592,vomitboyx,6738233469953969413
136406641163374592,vomitboyx,6738219251221400837
136406641163374592,vomitboyx,6738215732254903558
136406641163374592,vomitboyx,6737418412143807749
136406641163374592,vomitboyx,6737416396193402118
136406641163374592,vomitboyx,6737411696500935942
136406641163374592,vomitboyx,6737035511124331781
136406641163374592,vomitboyx,6737033978705923334
136406641163374592,vomitboyx,6737032790421900549
136406641163374592,vomitboyx,6737027423239556358
136406641163374592,vomitboyx,6736718808544840966
136406641163374592,vomitboyx,6736013038350109957
136406641163374592,vomitboyx,6736000081452993797
136406641163374592,vomitboyx,6735992122152979717
136406641163374592,vomitboyx,6735303719971278085
136406641163374592,vomitboyx,6735245695797824773
136406641163374592,vomitboyx,6735244924771503365
136406641163374592,vomitboyx,6734783398226808070
136406641163374592,vomitboyx,6734779498870344966
136406641163374592,vomitboyx,6731727039746936069
136406641163374592,vomitboyx,6731704572231879942
136406641163374592,vomitboyx,6731495240361938182
136406641163374592,vomitboyx,6730651996753317125
136406641163374592,vomitboyx,6730482958181879045
136406641163374592,vomitboyx,6729580533648575750
136406641163374592,vomitboyx,6729565544497810694
136406641163374592,vomitboyx,6729564661747961093
136406641163374592,vomitboyx,6729311009074416901
136406641163374592,vomitboyx,6729309511313673478
136406641163374592,vomitboyx,6729195306157640965
136406641163374592,vomitboyx,6729187501854002437
136406641163374592,vomitboyx,6729184552285195526
136406641163374592,vomitboyx,6729182891042966789
136406641163374592,vomitboyx,6728866289537780997
136406641163374592,vomitboyx,6728862491297844485
136406641163374592,vomitboyx,6727666459733921030
136406641163374592,vomitboyx,6726918221418581254
136406641163374592,vomitboyx,6726698270048980230
136406641163374592,vomitboyx,6726368341612694790
136406641163374592,vomitboyx,6726366841586912517
136406641163374592,vomitboyx,6726346542615219462
136406641163374592,vomitboyx,6726210324669762821
136406641163374592,vomitboyx,6726207109580590342
136406641163374592,vomitboyx,6726206198808333574
136406641163374592,vomitboyx,6726181478109023493
136406641163374592,vomitboyx,6725991538213604614
136406641163374592,vomitboyx,6725980774392220934
136406641163374592,vomitboyx,6725978755526888709
136406641163374592,vomitboyx,6725793979197050118
136406641163374592,vomitboyx,6725792338242735366
136406641163374592,vomitboyx,6725791759164607749
136406641163374592,vomitboyx,6725769542015978757
136406641163374592,vomitboyx,6725614460364508422
136406641163374592,vomitboyx,6725612757267401990
136406641163374592,vomitboyx,6725611409863953669
136406641163374592,vomitboyx,6725506390061763845
136406641163374592,vomitboyx,6725497780510428422
136406641163374592,vomitboyx,6725492567753936133
136406641163374592,vomitboyx,6725170156147854598
136406641163374592,vomitboyx,6725165739004742917
136406641163374592,vomitboyx,6725164326950276358
136406641163374592,vomitboyx,6724777332579519750
136406641163374592,vomitboyx,6724481634399292677
136406641163374592,vomitboyx,6724472403268848902
136406641163374592,vomitboyx,6724349223699041542
136406641163374592,vomitboyx,6724325719628860678
136406641163374592,vomitboyx,6723776619590241541
136406641163374592,vomitboyx,6723246985375124741
136406641163374592,vomitboyx,6723012937717386502
136406641163374592,vomitboyx,6722989445588520198
136406641163374592,vomitboyx,6722989208459431174
136406641163374592,vomitboyx,6722562247127780614
136406641163374592,vomitboyx,6722180969580743942
136406641163374592,vomitboyx,6722178158415662342
136406641163374592,vomitboyx,6719225717269253381
136406641163374592,vomitboyx,6718494785742605574
136406641163374592,vomitboyx,6717399843490270469
136406641163374592,vomitboyx,6709808866474855686
136406641163374592,vomitboyx,6703633654880423174
136406641163374592,vomitboyx,6695403606004206853
136406641163374592,vomitboyx,6685719905469222149
136406641163374592,vomitboyx,6682823002930810118
136406641163374592,vomitboyx,6849801209826544902
136406641163374592,vomitboyx,6849808309327777030
136406641163374592,vomitboyx,6849802913146064134
136406641163374592,vomitboyx,6850553500032584966
136406641163374592,vomitboyx,6850565641976696070
136406641163374592,vomitboyx,6852863445088455941
160930712261595136,yanderehino,6830730631182322949
160930712261595136,yanderehino,6621159247407222022
177594024860594176,that_loser_axel,6838361350356405509
186240016111845376,_mollyeve|mollman,6846453504672828677
188290035656470528,irlshou,6532247399144887311
188290035656470528,irlshou,6532169645686789135
188290035656470528,irlshou,6531723483733300224
200237102821867520,honeybuttcheerio,6841685136673606918
200237102821867520,honeybuttcheerio,6839975481463426309
200237102821867520,honeybuttcheerio,6837555539019304198
200237102821867520,honeybuttcheerio,6830161583633681669
200237102821867520,honeybuttcheerio,6828483790311099653
200237102821867520,honeybuttcheerio,6820924839285624069
200237102821867520,honeybuttcheerio,6815664284266171653
200237102821867520,honeybuttcheerio,6814197549298191621
200237102821867520,honeybuttcheerio,6805288276463783173
200237102821867520,honeybuttcheerio,6797512835078442246
200237102821867520,honeybuttcheerio,6795685361466068229
200237102821867520,honeybuttcheerio,6794912184632642821
200237102821867520,honeybuttcheerio,6780165017154112774
200237102821867520,honeybuttcheerio,6776075215429553414
200237102821867520,honeybuttcheerio,6770407351687073029
200237102821867520,honeybuttcheerio,6763325791079009542
200237102821867520,honeybuttcheerio,6761151385179311365
200237102821867520,honeybuttcheerio,6757132566186233094
219309202052378624,bonbibonkers,6845755844647341317
219309202052378624,bonbibonkers,6692119883418701062
223320784679661568,arachnidsgrip__|hotwheelporn,6846867128511958277
223320784679661568,arachnidsgrip__|hotwheelporn,6844007162637749509
223320784679661568,arachnidsgrip__|hotwheelporn,6841691536342682886
223320784679661568,arachnidsgrip__|hotwheelporn,6841041958601837829
223320784679661568,arachnidsgrip__|hotwheelporn,6839932914692525318
223320784679661568,arachnidsgrip__|hotwheelporn,6848719411696651525
223320784679661568,arachnidsgrip__|hotwheelporn,6849232018513988869
233081649683644416,bussyeater445,6848725691500907782
233081649683644416,bussyeater445,6849145300448267525
254107310539841536,glitchbolt,6659749155927231750
254107310539841536,glitchbolt,6659560126812261638
254107310539841536,glitchbolt,6659559584782355718
254107310539841536,glitchbolt,6659517021962636549
254107310539841536,glitchbolt,6659113460539854086
254107310539841536,glitchbolt,6658999457532611846
254107310539841536,glitchbolt,6658996636821228806
254107310539841536,glitchbolt,6658990854717312262
254107310539841536,glitchbolt,6658635052332616965
254107310539841536,glitchbolt,6658072491744824581
254107310539841536,glitchbolt,6658071341612141830
254107310539841536,glitchbolt,6658051098915376389
254107310539841536,glitchbolt,6658041916170439941
254107310539841536,glitchbolt,6658040287245372678
254107310539841536,glitchbolt,6658036297581464838
254107310539841536,glitchbolt,6658029937057877253
254107310539841536,glitchbolt,6657952249253203205
254107310539841536,glitchbolt,6657676234127838469
254107310539841536,glitchbolt,6657628859267026181
254107310539841536,glitchbolt,6657625561206099205
254107310539841536,glitchbolt,6657620339083709701
254107310539841536,glitchbolt,6657613336722541829
254107310539841536,glitchbolt,6657607737293147397
254107310539841536,glitchbolt,6657484926604020997
254107310539841536,glitchbolt,6657288421360274694
254107310539841536,glitchbolt,6656952815233010950
254107310539841536,glitchbolt,6656748392204471557
254107310539841536,glitchbolt,6656746979365752070
254107310539841536,glitchbolt,6655482921324907781
254107310539841536,glitchbolt,6655481908375325957
254107310539841536,glitchbolt,6655479124343147782
254107310539841536,glitchbolt,6655095837506407685
254107310539841536,glitchbolt,6654676317071478021
254107310539841536,glitchbolt,6654624153666063622
254107310539841536,glitchbolt,6654623044536896773
254107310539841536,glitchbolt,6654616807774620934
254107310539841536,glitchbolt,6654614883314699525
254107310539841536,glitchbolt,6654610804077251845
254107310539841536,glitchbolt,6654608028467236102
254107310539841536,glitchbolt,6654606795400547590
254107310539841536,glitchbolt,6654605015665085702
254107310539841536,glitchbolt,6654603960675994885
254107310539841536,glitchbolt,6654347966226107653
254107310539841536,glitchbolt,6653863339912858886
254107310539841536,glitchbolt,6653500874070953221
254107310539841536,glitchbolt,6653500038511070469
254107310539841536,glitchbolt,6653499426188823814
254107310539841536,glitchbolt,6653498071067921669
254107310539841536,glitchbolt,6653496611055865093
254107310539841536,glitchbolt,6653493254924799238
254107310539841536,glitchbolt,6653490363757497606
254107310539841536,glitchbolt,6652502146715487494
254107310539841536,glitchbolt,6651794558336109829
254107310539841536,glitchbolt,6651793628240809222
254107310539841536,glitchbolt,6651791855610498310
254107310539841536,glitchbolt,6651727384120659206
254107310539841536,glitchbolt,6651724803524791557
254107310539841536,glitchbolt,6651722305732873478
254107310539841536,glitchbolt,6651409592481746181
254107310539841536,glitchbolt,6651393843440651525
254107310539841536,glitchbolt,6651391682212269317
254107310539841536,glitchbolt,6651390738154130694
254107310539841536,glitchbolt,6651011431795789062
254107310539841536,glitchbolt,6651005615776730373
254107310539841536,glitchbolt,6651004736289901830
254107310539841536,glitchbolt,6650948608344460550
254107310539841536,glitchbolt,6650947561488125190
254107310539841536,glitchbolt,6650839225526668550
254107310539841536,glitchbolt,6650557340003077381
254107310539841536,glitchbolt,6650279476385025285
254107310539841536,glitchbolt,6650277647022558469
254107310539841536,glitchbolt,6650127033626004741
254107310539841536,glitchbolt,6650124967683820805
254107310539841536,glitchbolt,6650123237554392325
254107310539841536,glitchbolt,6650122325213580549
254107310539841536,glitchbolt,6650119467550379269
254107310539841536,glitchbolt,6650118073422449926
254107310539841536,glitchbolt,6650116223642111237
254107310539841536,glitchbolt,6650112998562073861
254107310539841536,glitchbolt,6650079611621215494
254107310539841536,glitchbolt,6649471165863562501
254107310539841536,glitchbolt,6649470556477328646
254107310539841536,glitchbolt,6649355299398356230
254107310539841536,glitchbolt,6649331016970276102
254107310539841536,glitchbolt,6649077889461390597
254107310539841536,glitchbolt,6649005209232084230
254107310539841536,glitchbolt,6649002122064956678
254107310539841536,glitchbolt,6649000378404703494
254107310539841536,glitchbolt,6648999406907428101
254107310539841536,glitchbolt,6648998490334563589
254107310539841536,glitchbolt,6648997344882724101
254107310539841536,glitchbolt,6648996452267724037
254107310539841536,glitchbolt,6648995308413914373
254107310539841536,glitchbolt,6648994322303683846
254107310539841536,glitchbolt,6648659151268351237
254107310539841536,glitchbolt,6648427982169836806
254107310539841536,glitchbolt,6648183562136734981
254107310539841536,glitchbolt,6648181051254377734
254107310539841536,glitchbolt,6647948960365284614
254107310539841536,glitchbolt,6647643820018109702
254107310539841536,glitchbolt,6647640278561721606
254107310539841536,glitchbolt,6647636585720319238
254107310539841536,glitchbolt,6647611034032934149
254107310539841536,glitchbolt,6647297241713216774
254107310539841536,glitchbolt,6647294534759746821
254107310539841536,glitchbolt,6647291224661167366
254107310539841536,glitchbolt,6647284454794464518
254107310539841536,glitchbolt,6647283974848646405
254107310539841536,glitchbolt,6647282631954140421
254107310539841536,glitchbolt,6647280771952282885
254107310539841536,glitchbolt,6647275999438310661
254107310539841536,glitchbolt,6647273755426950406
254107310539841536,glitchbolt,6647272407130180869
254107310539841536,glitchbolt,6647270855623576837
254107310539841536,glitchbolt,6647269225448606981
254107310539841536,glitchbolt,6647268544079727878
254107310539841536,glitchbolt,6647267569105374470
254107310539841536,glitchbolt,6647266801648405765
254107310539841536,glitchbolt,6647182265262542085
254107310539841536,glitchbolt,6647143049182842118
254107310539841536,glitchbolt,6647118703865367813
254107310539841536,glitchbolt,6647115064685890821
254107310539841536,glitchbolt,6647112987452640518
254107310539841536,glitchbolt,6647099002519031045
254107310539841536,glitchbolt,6646939324698856710
254107310539841536,glitchbolt,6646938119054560517
254107310539841536,glitchbolt,6646937712374844678
254107310539841536,glitchbolt,6646935613675146501
254107310539841536,glitchbolt,6646467430065376518
254107310539841536,glitchbolt,6645690156781145349
254107310539841536,glitchbolt,6645688616993426693
254107310539841536,glitchbolt,6645688040960298246
254107310539841536,glitchbolt,6645686635172203782
254107310539841536,glitchbolt,6645674858044722437
254107310539841536,glitchbolt,6645673668816932101
254107310539841536,glitchbolt,6645673083526974725
254107310539841536,glitchbolt,6645327180521803013
254107310539841536,glitchbolt,6645271651128708357
254107310539841536,glitchbolt,6645267032877042950
254107310539841536,glitchbolt,6645262862098894086
254107310539841536,glitchbolt,6645260657065200901
254107310539841536,glitchbolt,6645259602801724678
254107310539841536,glitchbolt,6644981617548856581
254107310539841536,glitchbolt,6644856038392614150
254107310539841536,glitchbolt,6644563958168554758
254107310539841536,glitchbolt,6644493474383006982
254107310539841536,glitchbolt,6643935018378857734
254107310539841536,glitchbolt,6643932024505634054
254107310539841536,glitchbolt,6643920239224425733
254107310539841536,glitchbolt,6643454842897435909
254107310539841536,glitchbolt,6643433141996358917
254107310539841536,glitchbolt,6642890928451226885
254107310539841536,glitchbolt,6642671166924262662
254107310539841536,glitchbolt,6642668451397635334
254107310539841536,glitchbolt,6642419594768157958
254107310539841536,glitchbolt,6642329512795180294
254107310539841536,glitchbolt,6642327484597538053
254107310539841536,glitchbolt,6642326073860164870
254107310539841536,glitchbolt,6642324452015082757
254107310539841536,glitchbolt,6642321712455093509
254107310539841536,glitchbolt,6642320435377605893
254107310539841536,glitchbolt,6719251386623675654
254107310539841536,glitchbolt,6713704999727172869
254107310539841536,glitchbolt,6686508403579161862
254107310539841536,glitchbolt,6686505365409893637
254107310539841536,glitchbolt,6684058135939779845
254107310539841536,glitchbolt,6682209926103698694
254107310539841536,glitchbolt,6671262296708222213
254107310539841536,glitchbolt,6665399310688980230
254107310539841536,glitchbolt,6663224180680428805
264664326157037568,_izzy_1014_cos,6848056000373640454
264664326157037568,_izzy_1014_cos,6532245619539448832
264664326157037568,_izzy_1014_cos,6532134775891694592
264664326157037568,_izzy_1014_cos,6531714919350408207
264664326157037568,_izzy_1014_cos,6531335110925489152
264664326157037568,_izzy_1014_cos,6531334772885574656
264664326157037568,_izzy_1014_cos,6530570363091293199
267473282218487808,bubbly_pip,6722649702401199365
267473282218487808,bubbly_pip,6713079449430002949
267473282218487808,bubbly_pip,6712299779772124422
267473282218487808,bubbly_pip,6708137352096648453
267473282218487808,bubbly_pip,6699213752010542341
267473282218487808,bubbly_pip,6682940995715206406
267473282218487808,bubbly_pip,6677051947817635078
267473282218487808,bubbly_pip,6624337838538231046
267473282218487808,bubbly_pip,6624337404520041734
267473282218487808,bubbly_pip,6623874297951685893
267473282218487808,bubbly_pip,6565663981959123968
267473282218487808,bubbly_pip,6847029688800513285
267473282218487808,bubbly_pip,6688660364294360326
274803267749138432,ethanisfailing,6848277169702030598
274803267749138432,ethanisfailing,6848694425707662598
279055641338572800,lunxacoz,6847536126714973445
280848355402915840,_.mochi.cosplay._,6531666641200092160
287176619683725312,jimmyneutronsgayunkle,6753965880624860421
287176619683725312,jimmyneutronsgayunkle,6848777458179689734
287176619683725312,jimmyneutronsgayunkle,6848812673610665222
287176619683725312,jimmyneutronsgayunkle,6850656864527600902
294004554092670976,vampire.love.bites,6847545274081021190
294004554092670976,vampire.love.bites,6847542385388293382
294004554092670976,vampire.love.bites,6848711786481323269
294004554092670976,vampire.love.bites,6848768745171651845
294004554092670976,vampire.love.bites,6849146946574191877
294004554092670976,vampire.love.bites,6849808080356609285
294004554092670976,vampire.love.bites,6849806504460143878
307641013026881536,peachyfizz,6706223497661648134
307641013026881536,peachyfizz,6697720145856433413
307641013026881536,peachyfizz,6663953745937698054
307641013026881536,peachyfizz,6653858130817977605
307641013026881536,peachyfizz,6645084152066477318
307641013026881536,peachyfizz,6626440902762040581
307641013026881536,peachyfizz,6625596534543092997
307641013026881536,peachyfizz,6848712643574861062
316045489790021632,zsirafkornis07,6714294009558207749
6526624495694795776,gorerilla,6842555658563341573
6526624495694795776,gorerilla,6846451443344493830
6526624495694795776,gorerilla,6846449389070732550
6526624495694795776,gorerilla,6846440924290092293
6526624495694795776,gorerilla,6846439094743059718
6526624495694795776,gorerilla,6846834816365645062
6529938052851176448,glastoop,6750063370646375685
6532308559646982146,_ten1etters_,6846665324985584902
6540806177020772358,waterhashiira,6765171930870942982
6551425614019040256,lumidescence|chrryzie,6574489556769312006
6551425614019040256,lumidescence|chrryzie,6846978648847731973
6551425614019040256,lumidescence|chrryzie,6847635327465704710
6551425614019040256,lumidescence|chrryzie,6847829814758395142
6551425614019040256,lumidescence|chrryzie,6849736940963613958
6551425614019040256,lumidescence|chrryzie,6850517408986303749
6551425614019040256,lumidescence|chrryzie,6850642560873008390
6551425614019040256,lumidescence|chrryzie,6850650536207748357
6557240049049206790,fwoggygun,6849334308230991110
6557240049049206790,fwoggygun,6762630104599235846
6557323032570134534,creepy.weeb,6846780839418744070
6557323032570134534,creepy.weeb,6848070057952677126
6557323032570134534,creepy.weeb,6848624956574567686
6557323032570134534,creepy.weeb,6848782273404341509
6557323032570134534,creepy.weeb,6848807218549181702
6557323032570134534,creepy.weeb,6848964268725947653
6557323032570134534,creepy.weeb,6849140713385495814
6557323032570134534,creepy.weeb,6849865184182373637
6557323032570134534,creepy.weeb,6849979216016968966
6557323032570134534,creepy.weeb,6850184318460087558
6557323032570134534,creepy.weeb,6851927035791658245
6557323032570134534,creepy.weeb,6851952750427655429
6562309075752337414,tohrusrat_,6810836068502424838
6562309075752337414,tohrusrat_,6681028272777596166
6562309075752337414,tohrusrat_,6681027293059484933
6562309075752337414,tohrusrat_,6846998405407984902
6562649122549366790,organicyandere,6847899157974273285
6562649122549366790,organicyandere,6818389274136939782
6562649122549366790,organicyandere,6740589520430845189
6565102993221402630,kaky0in,6840193320661142789
6565102993221402630,kaky0in,6840178761913208070
6565102993221402630,kaky0in,6821038243144830214
6565102993221402630,kaky0in,6847556782299122950
6565102993221402630,kaky0in,6847577742448282885
6565102993221402630,kaky0in,6848701461686160646
6565102993221402630,kaky0in,6848709600884165894
6565102993221402630,kaky0in,6849782679139880198
6565102993221402630,kaky0in,6853055912479952134
6565102993221402630,kaky0in,6853054193775725830
6568166579859062790,meikasama,6846505815638019334
6568166579859062790,meikasama,6847989133911117061
6568166579859062790,meikasama,6848732798950345990
6568166579859062790,meikasama,6849083647312612614
6568166579859062790,meikasama,6849083024240364806
6568166579859062790,meikasama,6849793186169130246
6568166579859062790,meikasama,6850172656445246725
6568166579859062790,meikasama,6850276497752624389
6568166579859062790,meikasama,6851043736697261317
6572178619278721030,greenplantpot,6836131468574592261
6572178619278721030,greenplantpot,6805662490882493702
6572178619278721030,greenplantpot,6805234315207707909
6572178619278721030,greenplantpot,6802300636907048198
6572178619278721030,greenplantpot,6775264903646301446
6572178619278721030,greenplantpot,6775252465026649349
6572178619278721030,greenplantpot,6774376413190556933
6572178619278721030,greenplantpot,6774027346849582342
6572178619278721030,greenplantpot,6761464865333824773
6572178619278721030,greenplantpot,6705721586852302086
6572178619278721030,greenplantpot,6679783068217117957
6572178619278721030,greenplantpot,6666533040463809798
6572178619278721030,greenplantpot,6663930428119846150
6572178619278721030,greenplantpot,6645952292749053190
6572178619278721030,greenplantpot,6619684924188282118
6572178619278721030,greenplantpot,6847234649341578501
6576720430995193861,suzu.kii,6854290806505884934
6584145798179045381,cosplay_weeb_help,6846953408218303749
6584145798179045381,cosplay_weeb_help,6829197292843617541
6584145798179045381,cosplay_weeb_help,6784233479388400901
6584145798179045381,cosplay_weeb_help,6781181756222491909
6584145798179045381,cosplay_weeb_help,6764883054545620229
6584145798179045381,cosplay_weeb_help,6850264993909230853
6584145798179045381,cosplay_weeb_help,6851029524008815878
6593287682964111362,sekai__sick,6847545720900242693
6594848590031863814,kotoriminamii,6848716824226336006
6594848590031863814,kotoriminamii,6848716165833936133
6594848590031863814,kotoriminamii,6849094203637550342
6594848590031863814,kotoriminamii,6849149406122413317
6594848590031863814,kotoriminamii,6849181677424561413
6594848590031863814,kotoriminamii,6849816102491524357
6594848590031863814,kotoriminamii,6850494791499795717
6604848817199431686,kyonatix,6847676546803715334
6604848817199431686,kyonatix,6850576456905526534
6608909745581703173,emmmacantdance,6814963379833261318
6612028861716955142,smudgen_cosplay,6849165266618813701
6612592695594958854,raenbowcat,6717720237862587654
6614487876284022789,sushicl1t,6846899760717139205
6615676318238130181,kkawesomewho,6849230231161572613
6615676318238130181,kkawesomewho,6849235694502694150
6615676318238130181,kkawesomewho,6849241590607695110
6615676318238130181,kkawesomewho,6849247039000251654
6615676318238130181,kkawesomewho,6849250532620520709
6615676318238130181,kkawesomewho,6849416136287587589
6615676318238130181,kkawesomewho,6850579121626434821
6617150483110166534,probablylividk,6849802555376012549
6618755983311781893,xcybergrlx|headphonecords,6831719194359352581
6618755983311781893,xcybergrlx|headphonecords,6831707018991111429
6618755983311781893,xcybergrlx|headphonecords,6826779577637948678
6618755983311781893,xcybergrlx|headphonecords,6823428729449057542
6618755983311781893,xcybergrlx|headphonecords,6822726249723464965
6618755983311781893,xcybergrlx|headphonecords,6821702268069432582
6618755983311781893,xcybergrlx|headphonecords,6821698482538073349
6618755983311781893,xcybergrlx|headphonecords,6821255027798117637
6618755983311781893,xcybergrlx|headphonecords,6821253964768595206
6618755983311781893,xcybergrlx|headphonecords,6818787190953331973
6618755983311781893,xcybergrlx|headphonecords,6818322064911437062
6618755983311781893,xcybergrlx|headphonecords,6818312356381117701
6618755983311781893,xcybergrlx|headphonecords,6815784088218258694
6618755983311781893,xcybergrlx|headphonecords,6815057545338621190
6618755983311781893,xcybergrlx|headphonecords,6813897734253251846
6618755983311781893,xcybergrlx|headphonecords,6812465837216238853
6618755983311781893,xcybergrlx|headphonecords,6812464855287631109
6618755983311781893,xcybergrlx|headphonecords,6810926566097374469
6618755983311781893,xcybergrlx|headphonecords,6808378777505123590
6618755983311781893,xcybergrlx|headphonecords,6805710863517961477
6618755983311781893,xcybergrlx|headphonecords,6805547939860155654
6618755983311781893,xcybergrlx|headphonecords,6801163980615240965
6618755983311781893,xcybergrlx|headphonecords,6799072403063377157
6618755983311781893,xcybergrlx|headphonecords,6799054178586021125
6618755983311781893,xcybergrlx|headphonecords,6798634670893337861
6618755983311781893,xcybergrlx|headphonecords,6798626652537605382
6618755983311781893,xcybergrlx|headphonecords,6795729970577542406
6618755983311781893,xcybergrlx|headphonecords,6794182176230444293
6618755983311781893,xcybergrlx|headphonecords,6793829087300340998
6618755983311781893,xcybergrlx|headphonecords,6792742055299812614
6618755983311781893,xcybergrlx|headphonecords,6792328942251543813
6618755983311781893,xcybergrlx|headphonecords,6792074674642636037
6618755983311781893,xcybergrlx|headphonecords,6792010771233656069
6618755983311781893,xcybergrlx|headphonecords,6792009603061157126
6618755983311781893,xcybergrlx|headphonecords,6792008131271527686
6618755983311781893,xcybergrlx|headphonecords,6792006029342248197
6618755983311781893,xcybergrlx|headphonecords,6791967982198197510
6618755983311781893,xcybergrlx|headphonecords,6789391556232170757
6618755983311781893,xcybergrlx|headphonecords,6789028272438119686
6618755983311781893,xcybergrlx|headphonecords,6789027472378760454
6618755983311781893,xcybergrlx|headphonecords,6788660782377766149
6618755983311781893,xcybergrlx|headphonecords,6788659528339705093
6618755983311781893,xcybergrlx|headphonecords,6788629440835456261
6618755983311781893,xcybergrlx|headphonecords,6787528835350023430
6618755983311781893,xcybergrlx|headphonecords,6786467578849004805
6618755983311781893,xcybergrlx|headphonecords,6784853081843682566
6618755983311781893,xcybergrlx|headphonecords,6784683360611618053
6618755983311781893,xcybergrlx|headphonecords,6784246918894701829
6618755983311781893,xcybergrlx|headphonecords,6784241260669439238
6618755983311781893,xcybergrlx|headphonecords,6783065351136627973
6618755983311781893,xcybergrlx|headphonecords,6783058453641383173
6618755983311781893,xcybergrlx|headphonecords,6781901027617639685
6618755983311781893,xcybergrlx|headphonecords,6781527847228951814
6618755983311781893,xcybergrlx|headphonecords,6780137671084887302
6618755983311781893,xcybergrlx|headphonecords,6780065843867913477
6618755983311781893,xcybergrlx|headphonecords,6776897235973049605
6618755983311781893,xcybergrlx|headphonecords,6776092896346066181
6618755983311781893,xcybergrlx|headphonecords,6775989722570411270
6618755983311781893,xcybergrlx|headphonecords,6775687413764295942
6618755983311781893,xcybergrlx|headphonecords,6775685787552959749
6618755983311781893,xcybergrlx|headphonecords,6775313930299526406
6618755983311781893,xcybergrlx|headphonecords,6775223457639632134
6618755983311781893,xcybergrlx|headphonecords,6775220031329537285
6618755983311781893,xcybergrlx|headphonecords,6775219330813594886
6618755983311781893,xcybergrlx|headphonecords,6773517756554890501
6618755983311781893,xcybergrlx|headphonecords,6773510142471310597
6618755983311781893,xcybergrlx|headphonecords,6773508854178270469
6618755983311781893,xcybergrlx|headphonecords,6773501710385106182
6618755983311781893,xcybergrlx|headphonecords,6773501161598160133
6618755983311781893,xcybergrlx|headphonecords,6771692201480146182
6618755983311781893,xcybergrlx|headphonecords,6770460366469139718
6618755983311781893,xcybergrlx|headphonecords,6769810721413942533
6618755983311781893,xcybergrlx|headphonecords,6769809004181867782
6618755983311781893,xcybergrlx|headphonecords,6769807623760989445
6618755983311781893,xcybergrlx|headphonecords,6769391185313238278
6618755983311781893,xcybergrlx|headphonecords,6768658657585499398
6618755983311781893,xcybergrlx|headphonecords,6768181055733157125
6618755983311781893,xcybergrlx|headphonecords,6768179810171702534
6618755983311781893,xcybergrlx|headphonecords,6768155516045757702
6618755983311781893,xcybergrlx|headphonecords,6768145892458499333
6618755983311781893,xcybergrlx|headphonecords,6766369222126882054
6618755983311781893,xcybergrlx|headphonecords,6763127917632392454
6618755983311781893,xcybergrlx|headphonecords,6762576228705783046
6618755983311781893,xcybergrlx|headphonecords,6761506772952845573
6618755983311781893,xcybergrlx|headphonecords,6760103975904693509
6618755983311781893,xcybergrlx|headphonecords,6759289973888896261
6618755983311781893,xcybergrlx|headphonecords,6756705187366210822
6618755983311781893,xcybergrlx|headphonecords,6756655461140876550
6618755983311781893,xcybergrlx|headphonecords,6753629411733490950
6618755983311781893,xcybergrlx|headphonecords,6748208849792060677
6618755983311781893,xcybergrlx|headphonecords,6743990469790878981
6618755983311781893,xcybergrlx|headphonecords,6741768163433778438
6618755983311781893,xcybergrlx|headphonecords,6740711050976529670
6618755983311781893,xcybergrlx|headphonecords,6737367535756332294
6618755983311781893,xcybergrlx|headphonecords,6735887326288825605
6618755983311781893,xcybergrlx|headphonecords,6717813926341446917
6618755983311781893,xcybergrlx|headphonecords,6708363854721584390
6618755983311781893,xcybergrlx|headphonecords,6706875044129148166
6618755983311781893,xcybergrlx|headphonecords,6702541533649849606
6618755983311781893,xcybergrlx|headphonecords,6685924826600705285
6618755983311781893,xcybergrlx|headphonecords,6685923298506706182
6618755983311781893,xcybergrlx|headphonecords,6685774751807311109
6618755983311781893,xcybergrlx|headphonecords,6685716710034509062
6618755983311781893,xcybergrlx|headphonecords,6685696558626770182
6618755983311781893,xcybergrlx|headphonecords,6685696383283891462
6618755983311781893,xcybergrlx|headphonecords,6685398168747642118
6618755983311781893,xcybergrlx|headphonecords,6685150220365335814
6618755983311781893,xcybergrlx|headphonecords,6684961318413274373
6618755983311781893,xcybergrlx|headphonecords,6684959302727240965
6618755983311781893,xcybergrlx|headphonecords,6684350029072698630
6618755983311781893,xcybergrlx|headphonecords,6679878203332365573
6618755983311781893,xcybergrlx|headphonecords,6679872897286147334
6618755983311781893,xcybergrlx|headphonecords,6679482705593240837
6618755983311781893,xcybergrlx|headphonecords,6679481450745564422
6618755983311781893,xcybergrlx|headphonecords,6679478438622924037
6618755983311781893,xcybergrlx|headphonecords,6678306152729545989
6618755983311781893,xcybergrlx|headphonecords,6677957858413251846
6618755983311781893,xcybergrlx|headphonecords,6677678479556742405
6618755983311781893,xcybergrlx|headphonecords,6677540157303819526
6618755983311781893,xcybergrlx|headphonecords,6667282819674295558
6618755983311781893,xcybergrlx|headphonecords,6665477049357962502
6618755983311781893,xcybergrlx|headphonecords,6664730950766693638
6618755983311781893,xcybergrlx|headphonecords,6664446763622993158
6618755983311781893,xcybergrlx|headphonecords,6661672858797739269
6618755983311781893,xcybergrlx|headphonecords,6661665895619759366
6618755983311781893,xcybergrlx|headphonecords,6661664741632527622
6618755983311781893,xcybergrlx|headphonecords,6661364851933203718
6618755983311781893,xcybergrlx|headphonecords,6661066559861034245
6618755983311781893,xcybergrlx|headphonecords,6661063246608338182
6618755983311781893,xcybergrlx|headphonecords,6660619163179945222
6618755983311781893,xcybergrlx|headphonecords,6660252361258175750
6618755983311781893,xcybergrlx|headphonecords,6660247461891689734
6618755983311781893,xcybergrlx|headphonecords,6660246778165595398
6618755983311781893,xcybergrlx|headphonecords,6660246128933473541
6618755983311781893,xcybergrlx|headphonecords,6660245411757821189
6618755983311781893,xcybergrlx|headphonecords,6659931334447729925
6618755983311781893,xcybergrlx|headphonecords,6659896373401357573
6618755983311781893,xcybergrlx|headphonecords,6651765196140317957
6618755983311781893,xcybergrlx|headphonecords,6645879670459862277
6618755983311781893,xcybergrlx|headphonecords,6645871594881158405
6618755983311781893,xcybergrlx|headphonecords,6641303619440217349
6618755983311781893,xcybergrlx|headphonecords,6638626204821753093
6618755983311781893,xcybergrlx|headphonecords,6638047344887614726
6618755983311781893,xcybergrlx|headphonecords,6638044780238474501
6618755983311781893,xcybergrlx|headphonecords,6638034741419314437
6618755983311781893,xcybergrlx|headphonecords,6638032267501374726
6618755983311781893,xcybergrlx|headphonecords,6637912278693842181
6618755983311781893,xcybergrlx|headphonecords,6637911095547792645
6618755983311781893,xcybergrlx|headphonecords,6637908593246997765
6618755983311781893,xcybergrlx|headphonecords,6637679168081366277
6618755983311781893,xcybergrlx|headphonecords,6637647092388990213
6618755983311781893,xcybergrlx|headphonecords,6637105520140356869
6618755983311781893,xcybergrlx|headphonecords,6637104813047811333
6618755983311781893,xcybergrlx|headphonecords,6637098975797185797
6618755983311781893,xcybergrlx|headphonecords,6636892692649348358
6618755983311781893,xcybergrlx|headphonecords,6636069988312550662
6618755983311781893,xcybergrlx|headphonecords,6636055428113370373
6618755983311781893,xcybergrlx|headphonecords,6635794762295151877
6618755983311781893,xcybergrlx|headphonecords,6635360265623833862
6618755983311781893,xcybergrlx|headphonecords,6634216503233219845
6618755983311781893,xcybergrlx|headphonecords,6634213906275372293
6618755983311781893,xcybergrlx|headphonecords,6634212677591764229
6618755983311781893,xcybergrlx|headphonecords,6633911258309463302
6618755983311781893,xcybergrlx|headphonecords,6633910174107045126
6618755983311781893,xcybergrlx|headphonecords,6633257767614287109
6618755983311781893,xcybergrlx|headphonecords,6631605691146571013
6618755983311781893,xcybergrlx|headphonecords,6631247521073073414
6618755983311781893,xcybergrlx|headphonecords,6629804408483876102
6618755983311781893,xcybergrlx|headphonecords,6629500135204195589
6618755983311781893,xcybergrlx|headphonecords,6629493352695860485
6618755983311781893,xcybergrlx|headphonecords,6629463611330792709
6618755983311781893,xcybergrlx|headphonecords,6629460023397321990
6618755983311781893,xcybergrlx|headphonecords,6629419552633523461
6618755983311781893,xcybergrlx|headphonecords,6629418282279505158
6618755983311781893,xcybergrlx|headphonecords,6629153560951000325
6618755983311781893,xcybergrlx|headphonecords,6629147053907774726
6618755983311781893,xcybergrlx|headphonecords,6629143453320088837
6618755983311781893,xcybergrlx|headphonecords,6629136239167540485
6618755983311781893,xcybergrlx|headphonecords,6629065039246527749
6618755983311781893,xcybergrlx|headphonecords,6629064624853486854
6618755983311781893,xcybergrlx|headphonecords,6629064123839679750
6618755983311781893,xcybergrlx|headphonecords,6628803158594292997
6618755983311781893,xcybergrlx|headphonecords,6628789216199314694
6618755983311781893,xcybergrlx|headphonecords,6628738517440662790
6618755983311781893,xcybergrlx|headphonecords,6847196575761042693
6619501420981633030,kennithsimmons,6727096961872219398
6619501420981633030,kennithsimmons,6724855986164681989
6619501420981633030,kennithsimmons,6724083684741238021
6619501420981633030,kennithsimmons,6722958319243382021
6619501420981633030,kennithsimmons,6722261564226899205
6619501420981633030,kennithsimmons,6721528339745475846
6619501420981633030,kennithsimmons,6721525395939708165
6619501420981633030,kennithsimmons,6721523819019865350
6619501420981633030,kennithsimmons,6721522607381875974
6619501420981633030,kennithsimmons,6721520457528528133
6619501420981633030,kennithsimmons,6715526511849377029
6619501420981633030,kennithsimmons,6715516547118402822
6619501420981633030,kennithsimmons,6714058674102340869
6619501420981633030,kennithsimmons,6712919191076211973
6619501420981633030,kennithsimmons,6700689470976429318
6619795928705613829,femboykarkat,6729964740925279494
6619795928705613829,femboykarkat,6729963593200094469
6619795928705613829,femboykarkat,6729649491030363398
6619795928705613829,femboykarkat,6727809153575734533
6619795928705613829,femboykarkat,6727800046303153414
6619795928705613829,femboykarkat,6727799750755650822
6619795928705613829,femboykarkat,6727799486862642437
6619795928705613829,femboykarkat,6726528583466077445
6619795928705613829,femboykarkat,6726528093206498565
6619795928705613829,femboykarkat,6724444885711113478
6619795928705613829,femboykarkat,6724444070137187590
6619795928705613829,femboykarkat,6724443424868666629
6619795928705613829,femboykarkat,6722436235719232773
6619795928705613829,femboykarkat,6722435896848682245
6619795928705613829,femboykarkat,6722435285906377989
6619795928705613829,femboykarkat,6721074156781243654
6619795928705613829,femboykarkat,6721074067396365574
6619795928705613829,femboykarkat,6721073936106261765
6619795928705613829,femboykarkat,6720775212213816581
6619795928705613829,femboykarkat,6720757997741559045
6619795928705613829,femboykarkat,6720756306547903749
6619795928705613829,femboykarkat,6720298884750429445
6619795928705613829,femboykarkat,6720298846649355525
6619795928705613829,femboykarkat,6720298807277391110
6619795928705613829,femboykarkat,6718523649818676485
6619795928705613829,femboykarkat,6718523361984531718
6619795928705613829,femboykarkat,6718522971629047046
6619795928705613829,femboykarkat,6848664201540488453
6619795928705613829,femboykarkat,6848759322785090821
6620124164711055366,127city,6716952316857093382
6622256177235869701,elissakathryn,6846166165639662854
6622256177235869701,elissakathryn,6848258222831258885
6622256177235869701,elissakathryn,6848774983183764741
6622968380259778566,mothbells,6846548994076806405
6623068699162345478,poisonivyy._,6837491708909948165
6623068699162345478,poisonivyy._,6837422721173835014
6623068699162345478,poisonivyy._,6837017899497016581
6623068699162345478,poisonivyy._,6836866923792321798
6623068699162345478,poisonivyy._,6836864160391859462
6623068699162345478,poisonivyy._,6836840165441572102
6623068699162345478,poisonivyy._,6836837205965573381
6623068699162345478,poisonivyy._,6836828958005284102
6623068699162345478,poisonivyy._,6836748931192392966
6623068699162345478,poisonivyy._,6836746917024713989
6623068699162345478,poisonivyy._,6836702723115732229
6623068699162345478,poisonivyy._,6836670796945984774
6623068699162345478,poisonivyy._,6817492622504987910
6625267654028673029,mozzarellastringcheese,6845438520010493189
6625267654028673029,mozzarellastringcheese,6840224073214086405
6625267654028673029,mozzarellastringcheese,6847539282467392774
6625267654028673029,mozzarellastringcheese,6847755576626203910
6625267654028673029,mozzarellastringcheese,6848786000387394821
6625267654028673029,mozzarellastringcheese,6848784429846891782
6625267654028673029,mozzarellastringcheese,6848781904016198918
6625267654028673029,mozzarellastringcheese,6848780119499148550
6625267654028673029,mozzarellastringcheese,6848790559943822597
6625267654028673029,mozzarellastringcheese,6848841553557900550
6625267654028673029,mozzarellastringcheese,6849075749819911429
6625267654028673029,mozzarellastringcheese,6849258672023932165
6625267654028673029,mozzarellastringcheese,6849481348302900486
6625267654028673029,mozzarellastringcheese,6849960718423444741
6627582001627054086,idlvu,6846935703650127109
6627582001627054086,idlvu,6850557522701454597
6627637042572886022,sakuracosplay_,6707468110221282566
6628959302299549701,gothchan666,6671608257196346630
6628959302299549701,gothchan666,6847959535437532422
6630442714431340550,spiralhavoc,6847973316905422085
6630442714431340550,spiralhavoc,6847596659128470790
6630442714431340550,spiralhavoc,6847494531517058310
6630442714431340550,spiralhavoc,6847178669228608774
6630442714431340550,spiralhavoc,6848363342910852357
6630442714431340550,spiralhavoc,6848645974491974918
6630442714431340550,spiralhavoc,6848988816850619653
6630442714431340550,spiralhavoc,6849347069761686790
6630442714431340550,spiralhavoc,6849373952427478278
6630442714431340550,spiralhavoc,6849409735008013573
6630442714431340550,spiralhavoc,6849429310252600582
6630442714431340550,spiralhavoc,6849445368334142726
6630442714431340550,spiralhavoc,6849462191096122629
6630442714431340550,spiralhavoc,6849845001795489029
6630442714431340550,spiralhavoc,6850450190873152773
6630442714431340550,spiralhavoc,6850587691910728965
6630442714431340550,spiralhavoc,6850866262042496261
6630442714431340550,spiralhavoc,6851206254027689221
6630442714431340550,spiralhavoc,6851205692301298949
6630442714431340550,spiralhavoc,6851214826681732358
6630442714431340550,spiralhavoc,6851222971709672709
6630887357162078214,kaekaeakamatsu,6827119572815039750
6630887357162078214,kaekaeakamatsu,6826806561520766213
6630887357162078214,kaekaeakamatsu,6826038433316621573
6630887357162078214,kaekaeakamatsu,6825314938735709445
6630887357162078214,kaekaeakamatsu,6825048417564167430
6630887357162078214,kaekaeakamatsu,6824975372434607365
6630887357162078214,kaekaeakamatsu,6824643960766598405
6630887357162078214,kaekaeakamatsu,6823907748401515781
6630887357162078214,kaekaeakamatsu,6822078617485364486
6630887357162078214,kaekaeakamatsu,6821689602152107269
6630887357162078214,kaekaeakamatsu,6821636995568176390
6630887357162078214,kaekaeakamatsu,6820948836576480517
6630887357162078214,kaekaeakamatsu,6820047261616082182
6632435018777427973,losertron|tracy.reznik,6846669025347390725
6633916570388021253,spineapples,6748506608629746950
6633916570388021253,spineapples,6853240787547753733
6635400804605018117,dedhellokitty|furbyteethz,6845903180459478277
6635400804605018117,dedhellokitty|furbyteethz,6846630763165781253
6637196222347411462,irlkyaku,6721605561680481541
6638277210027589638,pilllecukor|killluaz,6838571356792147206
6638277210027589638,pilllecukor|killluaz,6849077384457604358
6638277210027589638,pilllecukor|killluaz,6849086338155826437
6638277210027589638,pilllecukor|killluaz,6850153629127576837
6639948240257597446,stimky,6843747318718582021
6639948240257597446,stimky,6835946645486701829
6649032422166069253,k_imola.cos,6845603235122662661
6649032422166069253,k_imola.cos,6842616792737762566
6649032422166069253,k_imola.cos,6773191167489166598
6649032422166069253,k_imola.cos,6771110259223170310
6649032422166069253,k_imola.cos,6770282552377756934
6649032422166069253,k_imola.cos,6850783600497937670
6649069190403604485,howcome_cosplay,6846975902509796613
6649069190403604485,howcome_cosplay,6715835115462724870
6653097851265368069,narcissistic_pigeon,6746183204866198789
6653097851265368069,narcissistic_pigeon,6702501792862702854
6653097851265368069,narcissistic_pigeon,6698738183447776517
6653097851265368069,narcissistic_pigeon,6693164519109168389
6653097851265368069,narcissistic_pigeon,6681375494404836613
6653097851265368069,narcissistic_pigeon,6848278145896860934
6653591857009999878,ir1miku,6849215493736238341
6653591857009999878,ir1miku,6849846795091053830
6653591857009999878,ir1miku,6850124459752393989
6654107884244369414,jpg.died|kornaliya,6827675715580873990
6655002120837971974,kaikuroki,6786035017970748677
6655002120837971974,kaikuroki,6772599376851242246
6655002120837971974,kaikuroki,6772323605893172486
6655002120837971974,kaikuroki,6746352977612672261
6655002120837971974,kaikuroki,6744800223077354757
6655002120837971974,kaikuroki,6739254069858241798
6655002120837971974,kaikuroki,6815094227869961478
6655002120837971974,kaikuroki,6809124718550027525
6655002120837971974,kaikuroki,6782348019703516421
6655002120837971974,kaikuroki,6782347635253693701
6655002120837971974,kaikuroki,6780144842702982406
6655002120837971974,kaikuroki,6780144057386601733
6661604284722069510,sad._.bitxhh,6846123014946327813
6661604284722069510,sad._.bitxhh,6841953091793849606
6661604284722069510,sad._.bitxhh,6841912274819616005
6661604284722069510,sad._.bitxhh,6840209058289503493
6661604284722069510,sad._.bitxhh,6839847966681926918
6661604284722069510,sad._.bitxhh,6839805843043667205
6680667407390491653,bbunnii,6844726160467823877
6682101460198884357,bleachy_peachy|inky.cos_,6847004086294809862
6686182495258215429,parisosonaa,6844000357685693701
6686182495258215429,parisosonaa,6840226126602849542
6686182495258215429,parisosonaa,6713954203116506374
6686182495258215429,parisosonaa,6708552450925661445
6686182495258215429,parisosonaa,6846981225836596486
6686182495258215429,parisosonaa,6718469503795137798
6686182495258215429,parisosonaa,6851945781201489157
6689816932730242053,cult.ured_chameleon,6851654607475723525
6691575006939415557,wenonastring,6845463134753377542
6691575006939415557,wenonastring,6844657174484946182
6691575006939415557,wenonastring,6846917347727412485
6692386809429869574,x.xcherry_cosplayx.x,6780773439264345349
6692386809429869574,x.xcherry_cosplayx.x,6780771936059280646
6692386809429869574,x.xcherry_cosplayx.x,6770002972375010566
6692386809429869574,x.xcherry_cosplayx.x,6770001289360215301
6692386809429869574,x.xcherry_cosplayx.x,6762175187946310918
6692386809429869574,x.xcherry_cosplayx.x,6760065267881069830
6692386809429869574,x.xcherry_cosplayx.x,6757291295863098629
6692386809429869574,x.xcherry_cosplayx.x,6755155203160395014
6692386809429869574,x.xcherry_cosplayx.x,6751272571158695173
6692386809429869574,x.xcherry_cosplayx.x,6751271823675034885
6692386809429869574,x.xcherry_cosplayx.x,6739239576591781125
6692386809429869574,x.xcherry_cosplayx.x,6738833348908616966
6692872952687641605,unaprod,6732251114617490693
6692872952687641605,unaprod,6732250533102488837
6692872952687641605,unaprod,6732249875666291973
6692872952687641605,unaprod,6732242862181862661
6692872952687641605,unaprod,6731919787062086917
6692872952687641605,unaprod,6731917960950123781
6692872952687641605,unaprod,6731893186140146950
6692872952687641605,unaprod,6731786959372504326
6692872952687641605,unaprod,6731717534787112198
6692872952687641605,unaprod,6731717125355998469
6692872952687641605,unaprod,6731716073554595077
6692872952687641605,unaprod,6731715439728069894
6692872952687641605,unaprod,6731713999018429702
6692872952687641605,unaprod,6731556620746247429
6692872952687641605,unaprod,6844390889805106438
6692872952687641605,unaprod,6825158822470913286
6692872952687641605,unaprod,6820270097047833861
6692872952687641605,unaprod,6815113687775333637
6714448294607897606,weirdlee_cosplays,6831307851097558277
6714448294607897606,weirdlee_cosplays,6829462925447597318
6714448294607897606,weirdlee_cosplays,6829139707763510534
6714448294607897606,weirdlee_cosplays,6819004321594838277
6714448294607897606,weirdlee_cosplays,6818947368126319877
6714448294607897606,weirdlee_cosplays,6814584953267866886
6714448294607897606,weirdlee_cosplays,6813131511051603205
6714448294607897606,weirdlee_cosplays,6846867385270406406
6714448294607897606,weirdlee_cosplays,6847555063448227077
6714448294607897606,weirdlee_cosplays,6847561564719942917
6716916928323208197,cultarr,6845816849788144902
6716916928323208197,cultarr,6841431782613650693
6716916928323208197,cultarr,6839134480461057285
6716916928323208197,cultarr,6839035470626786566
6716916928323208197,cultarr,6839012483391343877
6716916928323208197,cultarr,6835682097924001029
6716916928323208197,cultarr,6831629564607843589
6733898021417763846,budget.cosplay,6801256373242973446
6733898021417763846,budget.cosplay,6801254508832902406
6733898021417763846,budget.cosplay,6801046620914994437
6733898021417763846,budget.cosplay,6801001133985795333
6733898021417763846,budget.cosplay,6800996647716293894
6733898021417763846,budget.cosplay,6800992402858413317
6733898021417763846,budget.cosplay,6800990684787559685
6733898021417763846,budget.cosplay,6800988958542122245
6733898021417763846,budget.cosplay,6800986506711371014
6733898021417763846,budget.cosplay,6800984656872361222
6733898021417763846,budget.cosplay,6800978806732541189
6733898021417763846,budget.cosplay,6800976414976855302
6733898021417763846,budget.cosplay,6800974431247207686
6733898021417763846,budget.cosplay,6800595875912568069
6733898021417763846,budget.cosplay,6800262656646204678
6733898021417763846,budget.cosplay,6800258194514955526
6733898021417763846,budget.cosplay,6800254070159445253
6733898021417763846,budget.cosplay,6800251262395862278
6733898021417763846,budget.cosplay,6800248358389730565
6733898021417763846,budget.cosplay,6800246418561830149
6733898021417763846,budget.cosplay,6800245190968790277
6733898021417763846,budget.cosplay,6800243453570649349
6733898021417763846,budget.cosplay,6800241575256395013
6733898021417763846,budget.cosplay,6800240387257584901
6733898021417763846,budget.cosplay,6799884511250337029
6733898021417763846,budget.cosplay,6799881671651937541
6733898021417763846,budget.cosplay,6799879096135388422
6733898021417763846,budget.cosplay,6799876675002731781
6733898021417763846,budget.cosplay,6799875473498230022
6733898021417763846,budget.cosplay,6799873759554686214
6733898021417763846,budget.cosplay,6799872642271743237
6733898021417763846,budget.cosplay,6799870765169708293
6733898021417763846,budget.cosplay,6799510585068244230
6733898021417763846,budget.cosplay,6799509584428961029
6734840517971100677,crushing.cosplays,6783893254149557509
6751209464093590533,indig0_,6830323721316683013
6751209464093590533,indig0_,6846283335740738822
6762861178261931013,coffee_cosplays_owo,6778645020225359110
6767318102294283270,bunni.roll,6846217573814537478
6767318102294283270,bunni.roll,6846211277522619653
6776793949610902533,juni_stars,6814969289293057286
6776793949610902533,juni_stars,6814957730839760134
6776793949610902533,juni_stars,6811176268311039237
6776793949610902533,juni_stars,6810772127541677318
6776793949610902533,juni_stars,6810545063593020677
6776793949610902533,juni_stars,6809402791501614342
6776793949610902533,juni_stars,6809325682179476741
6776793949610902533,juni_stars,6808229986579795206
6776793949610902533,juni_stars,6807887006652222726
6776793949610902533,juni_stars,6807490880736349446
6776793949610902533,juni_stars,6807466321492675846
6776793949610902533,juni_stars,6807067161211817222
6776793949610902533,juni_stars,6806919944593329413
6776793949610902533,juni_stars,6806069123873836294
6776793949610902533,juni_stars,6805747106721189125
6776793949610902533,juni_stars,6805326600322813190
6776793949610902533,juni_stars,6805229884630174982
6776793949610902533,juni_stars,6804971097180654854
6776793949610902533,juni_stars,6795293788450360581
6776793949610902533,juni_stars,6790539488369184005
6776793949610902533,juni_stars,6789320181383482629
6776793949610902533,juni_stars,6789008218581372166
6776793949610902533,juni_stars,6788333022136651013
6776793949610902533,juni_stars,6787565731828567301
6776793949610902533,juni_stars,6787520577658801414
6776793949610902533,juni_stars,6786327476609010949
6776793949610902533,juni_stars,6786001140325649670
6776793949610902533,juni_stars,6784401801270643974
6776793949610902533,juni_stars,6784196495701839110
6776793949610902533,juni_stars,6782244929780468998
6776793949610902533,juni_stars,6778555486305406214
6776793949610902533,juni_stars,6778255327889575174
6776793949610902533,juni_stars,6777843266281934086
6776793949610902533,juni_stars,6777083027337055494
6776793949610902533,juni_stars,6777069176205970693
6776793949610902533,juni_stars,6848808787571117318
6776793949610902533,juni_stars,6849120617329904902
6782279682450801670,ratgrrrl,6846182055139708165
6782279682450801670,ratgrrrl,6846879640678632710
6783469863161447430,qlx_xlq|hedphonewires,6850557635230567685
6784569498076038149,picklejooce,6846944374165720325
6784894310191236101,friskiezz,6847378673025223942
6784894310191236101,friskiezz,6849202574239812869
6796742703662728198,ghilanna,6846139960676846853
6796742703662728198,ghilanna,6846497934595443974
6796742703662728198,ghilanna,6852356723462704389
6797213158937609222,m1lkytea,6844914104319200517
6797213158937609222,m1lkytea,6825670001123462405
6797213158937609222,m1lkytea,6820976824726719750
6797213158937609222,m1lkytea,6820627321758731526
6797213158937609222,m1lkytea,6820603691125460230
6797213158937609222,m1lkytea,6819802848054791430
6797213158937609222,m1lkytea,6819730699055123718
6797213158937609222,m1lkytea,6819707300542942470
6797213158937609222,m1lkytea,6819454894542474501
6797213158937609222,m1lkytea,6819123162358238469
6797213158937609222,m1lkytea,6818932913875225862
6797213158937609222,m1lkytea,6817623217725820165
6797213158937609222,m1lkytea,6817611309836782854
6797213158937609222,m1lkytea,6816904172592499974
6797213158937609222,m1lkytea,6816062596718873862
6797213158937609222,m1lkytea,6815766813163490565
6797213158937609222,m1lkytea,6815759712869567749
6797213158937609222,m1lkytea,6814707590287691014
6797213158937609222,m1lkytea,6814273951762615558
6797213158937609222,m1lkytea,6812063487301307653
6797213158937609222,m1lkytea,6812051049558363397
6797213158937609222,m1lkytea,6811681185211632902
6797213158937609222,m1lkytea,6810517432898309382
6797213158937609222,m1lkytea,6810205314227490053
6797213158937609222,m1lkytea,6809051339734207750
6797213158937609222,m1lkytea,6808223386267962629
6797213158937609222,m1lkytea,6807226085357391110
6797213158937609222,m1lkytea,6807197376864980229
6797213158937609222,m1lkytea,6799953610500328710
6797213158937609222,m1lkytea,6799686413211225349
6797213158937609222,m1lkytea,6812830573699124486
6804946083598369798,luciblare|luceblare,6839025866882731270
6806517102502937605,chemicalcosplayy,6847279792723660037
6806517102502937605,chemicalcosplayy,6847262685197798662
6806517102502937605,chemicalcosplayy,6846918107961888006
6806517102502937605,chemicalcosplayy,6846917524102106374
6806517102502937605,chemicalcosplayy,6846065791591255302
6806517102502937605,chemicalcosplayy,6845619865017912581
6806517102502937605,chemicalcosplayy,6844994011351108870
6806517102502937605,chemicalcosplayy,6844912845944048901
6806517102502937605,chemicalcosplayy,6844860504775658757
6806517102502937605,chemicalcosplayy,6844738027403758854
6806517102502937605,chemicalcosplayy,6844737374686055686
6806517102502937605,chemicalcosplayy,6844645163386637573
6806517102502937605,chemicalcosplayy,6844533607399165190
6806517102502937605,chemicalcosplayy,6844334304068259077
6806517102502937605,chemicalcosplayy,6844331054661258502
6806517102502937605,chemicalcosplayy,6844310497123126534
6806517102502937605,chemicalcosplayy,6844238901310278918
6806517102502937605,chemicalcosplayy,6844174252854316293
6806517102502937605,chemicalcosplayy,6844173332288490757
6806517102502937605,chemicalcosplayy,6844170421567327493
6806517102502937605,chemicalcosplayy,6844145168749219077
6806517102502937605,chemicalcosplayy,6843939159367814405
6806517102502937605,chemicalcosplayy,6843928287585078533
6806517102502937605,chemicalcosplayy,6843902464043814149
6806517102502937605,chemicalcosplayy,6843901844343770373
6806517102502937605,chemicalcosplayy,6843888496420064518
6806517102502937605,chemicalcosplayy,6843865296709668101
6806517102502937605,chemicalcosplayy,6843839501089934597
6806517102502937605,chemicalcosplayy,6843823134060055814
6806517102502937605,chemicalcosplayy,6843729276173290757
6806517102502937605,chemicalcosplayy,6843603616083791109
6806517102502937605,chemicalcosplayy,6843457393838329093
6806517102502937605,chemicalcosplayy,6843431554484636934
6806517102502937605,chemicalcosplayy,6843430043914489094
6806517102502937605,chemicalcosplayy,6843225898574023942
6806517102502937605,chemicalcosplayy,6843225326223510790
6806517102502937605,chemicalcosplayy,6843221302610873606
6806517102502937605,chemicalcosplayy,6843118226444979462
6806517102502937605,chemicalcosplayy,6843114055373212934
6806517102502937605,chemicalcosplayy,6843066531719466245
6806517102502937605,chemicalcosplayy,6842999129568709893
6806517102502937605,chemicalcosplayy,6842986925045861638
6806517102502937605,chemicalcosplayy,6842802809344199942
6806517102502937605,chemicalcosplayy,6842795973262036230
6806517102502937605,chemicalcosplayy,6842723215320648966
6806517102502937605,chemicalcosplayy,6842716407084420358
6806517102502937605,chemicalcosplayy,6842344119839247621
6806517102502937605,chemicalcosplayy,6842248179954519302
6806517102502937605,chemicalcosplayy,6842097246062857478
6806517102502937605,chemicalcosplayy,6842061366526954758
6806517102502937605,chemicalcosplayy,6842050926983843077
6806517102502937605,chemicalcosplayy,6842026056396885254
6806517102502937605,chemicalcosplayy,6841674266983877893
6806517102502937605,chemicalcosplayy,6841638684526234886
6806517102502937605,chemicalcosplayy,6841637809787342085
6806517102502937605,chemicalcosplayy,6841534990170246405
6806517102502937605,chemicalcosplayy,6841507380342164741
6806517102502937605,chemicalcosplayy,6841506370349501701
6806517102502937605,chemicalcosplayy,6841318137925766406
6806517102502937605,chemicalcosplayy,6841303971995634949
6806517102502937605,chemicalcosplayy,6841298133591264518
6806517102502937605,chemicalcosplayy,6841265739387784453
6806517102502937605,chemicalcosplayy,6841265361552215302
6806517102502937605,chemicalcosplayy,6841167145980693765
6806517102502937605,chemicalcosplayy,6841140500792167685
6806517102502937605,chemicalcosplayy,6840531376995831046
6806517102502937605,chemicalcosplayy,6840520325428546821
6806517102502937605,chemicalcosplayy,6840157663163092229
6806517102502937605,chemicalcosplayy,6830119238221450502
6806517102502937605,chemicalcosplayy,6847523950042287366
6806517102502937605,chemicalcosplayy,6847530435178712325
6806517102502937605,chemicalcosplayy,6847586982416125189
6806517102502937605,chemicalcosplayy,6847576004249046277
6806517102502937605,chemicalcosplayy,6847561548316085509
6806517102502937605,chemicalcosplayy,6847669838106610950
6806517102502937605,chemicalcosplayy,6847925391382924550
6806517102502937605,chemicalcosplayy,6848001969215360261
6806517102502937605,chemicalcosplayy,6848019642405883142
6806517102502937605,chemicalcosplayy,6848254165806746885
6806517102502937605,chemicalcosplayy,6848219565642616069
6806517102502937605,chemicalcosplayy,6848261054095543558
6806517102502937605,chemicalcosplayy,6848260605254683910
6806517102502937605,chemicalcosplayy,6848305634853539077
6806517102502937605,chemicalcosplayy,6848618840625057030
6806517102502937605,chemicalcosplayy,6848618046353935621
6806517102502937605,chemicalcosplayy,6848698391619292421
6806517102502937605,chemicalcosplayy,6848995858340433158
6806517102502937605,chemicalcosplayy,6849321408321817862
6806517102502937605,chemicalcosplayy,6849354496645025029
6806517102502937605,chemicalcosplayy,6849385688778018053
6806517102502937605,chemicalcosplayy,6849387227538066694
6806517102502937605,chemicalcosplayy,6849431971236564229
6806517102502937605,chemicalcosplayy,6849697041115843845
6806517102502937605,chemicalcosplayy,6849721172226034950
6806517102502937605,chemicalcosplayy,6849842744790125830
6806517102502937605,chemicalcosplayy,6849845245073558790
6806517102502937605,chemicalcosplayy,6850184498802461958
6806517102502937605,chemicalcosplayy,6850206556982693126
6806517102502937605,chemicalcosplayy,6850209580476075269
6806517102502937605,chemicalcosplayy,6850216833627294982
6806517102502937605,chemicalcosplayy,6850452863076896005
6806517102502937605,chemicalcosplayy,6850449982844062982
6806517102502937605,chemicalcosplayy,6850430950329814278
6806517102502937605,chemicalcosplayy,6850461865454161158
6806517102502937605,chemicalcosplayy,6850498945907526918
6806517102502937605,chemicalcosplayy,6850581192832486661
6806517102502937605,chemicalcosplayy,6850925997143952645
6806517102502937605,chemicalcosplayy,6851678293163347205
6806517102502937605,chemicalcosplayy,6852145492466388230
6808631950787281925,pastellix.cosplayx,6846289586679844102
6808631950787281925,pastellix.cosplayx,6846429195342515461
6814346619846575109,airashidesucosplay,6846081377696369926
6830398900056310790,sanr1oslut,6832834332172848389
6832750764135433222,k1b0.core_,6846793765370203397
6833126861515047941,forel_cos,6836845383658786054
6835780022691988486,bubble.cosplay4,6848635461385129221
6837202306300937221,m1hitfan|shuharahh,6848160562912759046
6837202306300937221,m1hitfan|shuharahh,6848290048459230470
6837202306300937221,m1hitfan|shuharahh,6848358403740323077
6837202306300937221,m1hitfan|shuharahh,6848771935153802502
6837202306300937221,m1hitfan|shuharahh,6848865165207817478
6837202306300937221,m1hitfan|shuharahh,6849533411422424326
6846157876969849861,_buniibee|dekinaiko|frompulon,6846448648348323078
6846157876969849861,_buniibee|dekinaiko|frompulon,6846447698892066053
6846157876969849861,_buniibee|dekinaiko|frompulon,6846439279195917574
6846157876969849861,_buniibee|dekinaiko|frompulon,6846433590226504966
6846157876969849861,_buniibee|dekinaiko|frompulon,6846430100926270725
6846157876969849861,_buniibee|dekinaiko|frompulon,6846209233558441221
