uid,name,posts,saved
101,despairingapples,267,267
8866208,itshannahowo,256,256
11152338,deadyandere,579,549
12444226,emoangie._,293,293
16663927,comely_cos,674,673
17666463,sufi_dat_fox|mommy._.sufi,969,969
17788440,bornordos,1302,1302
18650074,this.is.it.kidd,5,5
24364222,ravenbutnotreally,171,171
27532700,apricotpal,358,358
73007105207,satoridesu,130,130
79783850494,dog__.trainer57,23,23
55519416678875136,zeroinspiration,1744,1742
55952826815762432,nosebled,1401,1401
62128989611237376,moonlight.sugar.babe|moonlight.tay,851,796
63507266145886208,irl._.tsumiki,1006,1003
63970837627744257,cospeach,1052,1052
66980637177315328,swooofy,39,39
67469508893904896,paigesdirtysocks,57,57
67587510335393792,toastertopia,220,220
69408148234584064,deadly_encounter,495,495
69719106978988032,astrouxx,452,450
70099158858117120,earl.alois.trancy,1965,1965
75075252849901568,pianoidiot,253,253
75855745996431360,disbeing,347,347
85436438145617920,anxorphia,31,31
86246394948132864,ghastygurl,77,77
94668502568960000,jennarhea,15,15
94970440971931648,sweeetpsychoo,1480,1479
98995846783897600,kisutime,452,452
103392377557413888,katyonak,101,101
103512607583571968,cale.cos,1210,1204
107790630084341760,piericast,247,240
109574955549257728,skyim,230,230
122821760470716416,ohdomy,979,972
127744959717306368,peachybbg721,1851,1851
133917036170125312,sewinsisters.g,695,691
135244681214373888,idiotfroggirl,17,16
136406641163374592,vomitboyx,701,556
149713149061894144,bugmochi,463,463
160930712261595136,yanderehino,1754,1752
171453552781963264,lallablomy,159,159
175037745084465152,polssums,204,204
175192746582781952,cathy_ii,19,19
177594024860594176,that_loser_axel,963,962
186240016111845376,_mollyeve|mollman,54,53
188290035656470528,irlshou,552,549
188294915489964032,zureeal,68,68
200237102821867520,honeybuttcheerio,145,127
219309202052378624,bonbibonkers,576,574
223320784679661568,arachnidsgrip__|hotwheelporn,293,286
233081649683644416,bussyeater445,459,457
243188196363104256,_fluffy.cos_,272,272
247281197121277952,froggi.tree,76,76
248647210953863168,daddy._.sulfur,77,77
249210900220395520,baka.neko42,462,462
254107310539841536,glitchbolt,2032,1862
254833660342992896,annazhyravleva,508,508
262792257811169280,meivix,445,445
264664326157037568,_izzy_1014_cos,1157,1150
267473282218487808,bubbly_pip,829,816
274803267749138432,ethanisfailing,270,268
279055641338572800,lunxacoz,460,459
280277616392060928,fudo.core,1061,1061
280848355402915840,_.mochi.cosplay._,135,134
283416540224446464,bnlk.nati,12,12
284899253477609472,teeteetoni03,248,248
287176619683725312,jimmyneutronsgayunkle,6380,5922
294004554092670976,vampire.love.bites,715,708
307641013026881536,peachyfizz,1632,1624
308046876094885888,buubuucosplays_x,803,803
316045489790021632,zsirafkornis07,1132,1131
6526624495694795776,gorerilla,228,222
6527812953759028224,smol_gay.cos,990,990
6529938052851176448,glastoop,608,607
6532084419321184258,tmg_no_chibichan|kac_no_chibichan,96,96
6532308559646982146,_ten1etters_,313,312
6538316823589311488,pxxchy.cos,138,138
6540806177020772358,waterhashiira,1244,1243
6541290113169626112,xxpeach._.cosxx,91,91
6542380489863336960,ele_ne.cos,266,266
6543026221578458127,notwindowcleanr,469,469
6551054518368780293,valerialutt,33,33
6551425614019040256,lumidescence|chrryzie,462,454
6556907146184933382,spoopyphe,612,612
6556958833229561862,silvaelf,476,476
6557041274364608517,ilikeurcat,13,13
6557240049049206790,fwoggygun,361,359
6557323032570134534,creepy.weeb,832,820
6557419497065971718,jessjessjessu,39,39
6557950914577285126,hotcoco.exe,153,153
6558489846067052550,rize.cos|cora.coss,278,278
6558852229637718021,iisqnpai,196,196
6559154416385179654,0.astro.0,94,94
6560692959952076805,miinatsuu,64,64
6562309075752337414,tohrusrat_,222,218
6562649122549366790,organicyandere,255,252
6563509277578444802,oshakana_333,662,662
6565102993221402630,kaky0in,1002,992
6568166579859062790,meikasama,1145,1136
6572178619278721030,greenplantpot,991,975
6573040536080629766,horseclowns,183,183
6575914623894257669,peachibunnii,690,690
6576720430995193861,suzu.kii,397,396
6577659818868473861,tebbytubby,642,642
6579052113992335365,ladyjunimo,290,290
6580713322621648897,sixtutu,201,201
6582614673705943041,syrenaquills,66,66
6584010823366344709,periigee,139,139
6584059589943656453,fioskii,504,504
6584145798179045381,cosplay_weeb_help,1825,1818
6584374107075543045,oop.i.like.anime,404,404
6586901159029637126,_tenletters_,269,269
6587084781841416198,fujoshiyaoiuwuxdxd|gamzeesfatballs,768,768
6590687008422281222,oikawa_milk_bread.cos,432,432
6591853211484127238,rasberry_cos,97,97
6593287682964111362,sekai__sick,123,122
6593698082655272966,essaere,101,101
6594848590031863814,kotoriminamii,194,187
6596776044711378949,ollie_jx3,15,15
6599028590251081733,rustycoathanger,341,341
6601581121631715334,milkydulcet,216,216
6602316052267319301,reppep.rd,546,546
6604050230408232965,haruisking,355,355
6604848817199431686,kyonatix,608,606
6605343833470631941,locked_cos,805,805
6606388290613854214,4rwen,1104,1104
6606759341268566022,lickle.rat,246,246
6606872356440784901,_cola.cosplays_,45,45
6608909745581703173,emmmacantdance,163,162
6610428817121394693,lunawashere.exe,400,400
6612028861716955142,smudgen_cosplay,801,800
6612592695594958854,raenbowcat,813,812
6613091776167149573,festerlng,313,313
6614487876284022789,sushicl1t,452,451
6615040628932034565,ratpunxx,39,39
6615639300314136582,lilmochidoll,418,418
6615676318238130181,kkawesomewho,1893,1886
6615689987851730950,shslwabbit,2009,2009
6617072578673836037,teenageviolence,290,290
6617150483110166534,probablylividk,481,480
6618440380025176070,emiru1,202,202
6618755983311781893,xcybergrlx|headphonecords,213,28
6619010010313949190,komaedapeepee_,429,429
6619318203325693957,asthmaticboi,618,618
6619501420981633030,kennithsimmons,684,669
6619795928705613829,femboykarkat,435,406
6620137360817225734,bubbleleafcos|stardustcos,3946,3946
6621263529523838981,deep.sea.girl,173,173
6621528685038141445,cuckess,91,91
6622256177235869701,elissakathryn,2169,2166
6622968380259778566,mothbells,271,270
6623068699162345478,poisonivyy._,360,347
6625226855925415942,h0pewerld,54,54
6625267654028673029,mozzarellastringcheese,436,422
6625406143294570501,despairbearss,68,68
6625562372391550982,shirabuki,74,74
6625673012954087430,izo_cosplay,272,272
6627096255083233285,scenetoes.cos,186,186
6627582001627054086,idlvu,70,68
6627637042572886022,sakuracosplay_,403,402
6627930746655784965,mashaisvcool,34,34
6628959302299549701,gothchan666,1044,1042
6629064791317053446,guttergirlgab,344,344
6629066535792132102,kirishima.is.a.rockk,291,291
6629972041125953537,himeka246,265,265
6630442714431340550,spiralhavoc,1279,1258
6630887357162078214,kaekaeakamatsu,241,228
6631364814708998150,borkyah,116,116
6632435018777427973,losertron|tracy.reznik,438,437
6632690500733566981,literally_neneyashiro,1310,1310
6633858239002034181,ederedere,70,70
6633916570388021253,spineapples,521,519
6635400804605018117,dedhellokitty|furbyteethz,409,407
6635813636131553286,apple.krisp,901,901
6637196222347411462,irlkyaku,1518,1517
6638277210027589638,pilllecukor|killluaz,609,605
6638748496810442757,nagitoz,186,186
6638893900219072518,grubage,374,374
6639948240257597446,stimky,48,46
6643031992144117765,nozzomi_cosplay,1023,1023
6645580504819793925,angelordevil19,78,78
6645651592639660037,_peachycosplay_,240,240
6649032422166069253,k_imola.cos,2087,2081
6649069190403604485,howcome_cosplay,401,399
6650935939143630853,tsushihara,885,885
6652370205250355205,annas_cosplay,1215,1215
6652738392717230085,owochancosplay659,511,511
6652829461207351302,lxmon.zxst,1327,1327
6653097851265368069,narcissistic_pigeon,490,484
6653591857009999878,ir1miku,1132,1129
6654107884244369414,jpg.died,74,73
6654757526595174406,princ3sskur0mi,36,36
6655002120837971974,kaikuroki,1214,1202
6655791568404267014,marioparty420,249,249
6655930169944227846,e1.1iott|ske11iott,80,80
6659425527851384837,ramanboi,518,518
6659945022424858629,space.trainwreck,309,309
6660043365735055362,catdarwing,444,444
6661311998364975109,criticalkat,46,46
6661604284722069510,sad._.bitxhh,35,29
6662061236697645061,ssstrawberrymilk,364,364
6662786173079781381,_hana_cos,190,190
6664001469325180933,princeboris,137,137
6664339319400169473,yuihirasawas|hachicoochie,180,180
6665680282332774405,44rwen|p1ushi,167,167
6668291265006190597,clownspiss,150,150
6669533768291713029,x_cinnamonroll.cos_x,362,362
6676525622485337094,jasmine.farlow,9,9
6676614706625446917,cloudy.png,357,357
6679895171679224837,strawbby.cos,395,395
6680667407390491653,bbunnii,109,108
6680959762203935750,foxteef,383,383
6682101460198884357,bleachy_peachy|inky.cos_,211,210
6683606575540651014,peachm1lk,372,372
6684053423946941445,sickoo.siorra,250,250
6686182495258215429,parisosonaa,549,542
6686710637214696453,_forrreeel_cos,90,90
6688677948926460930,yuseong_112,76,76
6689191487161385990,poshy.peach,508,508
6689816932730242053,cult.ured_chameleon,528,527
6691575006939415557,wenonastring,104,101
6692386809429869574,x.xcherry_cosplayx.x,1069,1057
6692872952687641605,unaprod,1779,1761
6695056287921374213,monocum,61,61
6696735121545184262,raven_fox3.cos,326,326
6699238440645231622,underrated_cos,325,325
6702900054397944838,kaedeslover,49,49
6703235616689243142,bunnygirlbree,33,33
6703330576914482181,namaiki.cos,775,775
6705031635388056582,janecosplays,219,219
6705035724397954053,studiobibi,79,79
6705517963111367685,larrysall,232,232
6706311426792260613,_.pocky.cosplayz._,275,275
6706960459583489030,kurobb,23,23
6707296721740973062,sakurasquid,503,503
6708099280147792901,kay_haikyuu,187,187
6710682591139529734,hotlava_guavaduck.cos,13,13
6711574971813413889,kumoriii16,10,10
6713638036381844486,legallydegenerate,401,401
6714448294607897606,weirdlee_cosplays,534,524
6715308706723578885,sourr._patchhes,170,170
6716916928323208197,cultarr,51,44
6717227335542801414,lucirian|cubbiful,155,155
6718433275390297093,softboned,111,111
6722069610957767685,ikzibib,219,219
6722625941518042117,its_sidneys,11,11
6725911525229593605,beautyfromthorns,275,275
6726594401928102918,milkg0re,18,18
6727636934234080261,lets_get_sushi,54,54
6728474905103877126,princess_haven_starr,2136,2136
6728781505508606982,love_you_dummy,67,67
6730041411548840966,kite.cos,238,238
6733898021417763846,budget.cosplay,2386,2352
6734073686175761413,.mintmocha,486,486
6734840517971100677,crushing.cosplays,534,533
6735209598180082694,pey.casso.cos,617,617
6736297691737703429,heyitsxen,18,18
6736349063794492418,japanleaders,250,250
6737459827423659014,emmalangevin,150,150
6738642126995489798,allycxt,45,45
6739692846921827334,internetbad,2867,2867
6745157604957701125,carrotyvixen,4,4
6748985403771159558,hayorlee,276,276
6750394858383574021,sweetolivetea|miimichyu,32,32
6751209464093590533,indig0_,1332,1329
6751571250978243589,gelly.cosplays,301,301
6754346019582428165,misakitl,8,8
6757482926885291013,diddlydarnn,342,342
6758973378089288709,zumiiseraphina,157,157
6762539604644365318,sufifox,43,43
6766388408480957445,neonslushies,612,612
6766649076182270982,luvtie,126,126
6767078320879469574,ryuu.akutagawa|nxzunanii,129,129
6767318102294283270,bunni.roll,341,339
6769844204702958598,hannieeboii,16,16
6770152283054539781,_emodropout|emodropout,507,507
6771462631469630470,xx_dar_xx,1431,1431
6772367160590697477,moosichullaaa,159,159
6773341061412045830,beaniboba._.cos,153,153
6774258886167462917,banboo.cos,267,267
6774889213299475461,cherry_zzz,838,838
6776292593912857606,carlyxwells,321,321
6776793949610902533,juni_stars,378,341
6776848575747752966,nixxip,458,458
6779539387661550597,the.masked.cosplayer,218,218
6780439632279913477,ren.s_cosplays,45,45
6782279682450801670,ratgrrrl,109,107
6783469863161447430,qlx_xlq|hedphonewires,198,197
6784569498076038149,picklejooce,344,343
6784894310191236101,friskiezz,1190,1188
6785027321851954182,minikuma.com,492,492
6785977402306708485,yurumi_chee,127,127
6789406677344224261,xxfemalekatsukixx,37,37
6789695285906342917,no0dlegutz,23,23
6792332041842820098,mijingiri,185,185
6792773423049081862,llovesanime,1359,1359
6793724000259392517,ryogerms,193,193
6795333699296084997,kxxanii|_ghostgutz,267,267
6796742703662728198,ghilanna,309,306
6797122543309865990,shslkokichi,97,97
6797213158937609222,m1lkytea,531,500
6804946083598369798,luciblare|luceblare,96,95
6806517102502937605,chemicalcosplayy,1133,1024
6806723193278628869,graapetoast,45,45
6807280267758420998,saerans.flower|ohuhhokaythen,241,241
6808631950787281925,pastellix.cosplayx,470,468
6808778526596187141,0ssticker,48,48
6811310772065502214,hanakosfishprincess,29,29
6812318063825437701,iiilunamoon.cos,558,558
6814346619846575109,airashidesucosplay,230,229
6816337799727367174,matchatea.png,168,168
6816543402374071301,kandi_c0splay,124,124
6818241204196197382,pisstea.cos,127,127
6821561661758587909,marebear.cos,95,95
6821666935001515014,strawbabydoll,211,211
6823055163914322949,hawt.emohat,260,260
6823695988771800069,pastelmiilk,334,334
6824700139790287877,cinnxmonbxns,250,250
6827100391676511238,raven_fox3,10,10
6827571083518395398,cxsplaytrash,293,293
6829051711638733830,fizz_.cos,51,51
6830398900056310790,sanr1oslut,28,27
6830945653960754181,lemonwafflee|homohajime,188,188
6832694133754037254,nikiisangel,61,61
6832750764135433222,k1b0.core_,120,119
6833126861515047941,forel_cos,64,63
6835780022691988486,bubble.cosplay4,116,115
6837202306300937221,m1hitfan|shuharahh,151,145
6838237466568393733,_adi_spams_|_nezukochannnnnnnnn_,109,109
6838466157826851846,windowcleanr,14,14
6839193862277334022,mizxel,80,80
6840833163565990918,mimikyu,9,9
6843529330271667205,candii_.fizz|alt..tidepod,70,70
6844963518156997638,mikubommer,2,2
6845379299428844550,rennavanilla.cos,28,28
6846157876969849861,_buniibee|dekinaiko,196,190
6847294988498682886,dokidokidepressionclub,46,46
6850675803014251525,divinebastet,17,17
